{
    "root_group": {
        "groups": {},
        "checks": {
                "파일 다운로드 성공": {
                    "name": "파일 다운로드 성공",
                    "path": "::파일 다운로드 성공",
                    "id": "e32ce8c1dff16f0aa17fa80898c147b6",
                    "passes": 626,
                    "fails": 0
                },
                "링크 클릭 성공": {
                    "name": "링크 클릭 성공",
                    "path": "::링크 클릭 성공",
                    "id": "81064fb68c893ca642a48ffbb9b30df7",
                    "passes": 626,
                    "fails": 0
                }
            },
        "name": "",
        "path": "",
        "id": "d41d8cd98f00b204e9800998ecf8427e"
    },
    "metrics": {
        "http_req_receiving": {
            "avg": 0.27057663951011685,
            "min": 0.048064,
            "med": 0.109268,
            "max": 12.405944,
            "p(90)": 0.6342722,
            "p(95)": 0.69005635
        },
        "vus": {
            "value": 1,
            "min": 1,
            "max": 200
        },
        "http_req_duration": {
            "max": 47.000963,
            "p(90)": 2.882428,
            "p(95)": 3.0422592999999996,
            "avg": 1.6614097593184232,
            "min": 0.728433,
            "med": 1.1528375,
            "thresholds": {
                "p(95)<500": false
            }
        },
        "http_req_connecting": {
            "p(90)": 0.5895338999999999,
            "p(95)": 0.6220958999999999,
            "avg": 0.2625440095846644,
            "min": 0,
            "med": 0,
            "max": 24.233385
        },
        "checks": {
            "passes": 1252,
            "fails": 0,
            "value": 1
        },
        "data_sent": {
            "rate": 1755.982313581758,
            "count": 227238
        },
        "data_received": {
            "count": 25023098,
            "rate": 193366.06341819177
        },
        "download_speed": {
            "avg": 1.0237702731629392,
            "min": 0.728433,
            "med": 0.9057955,
            "max": 47.000963,
            "p(90)": 1.0659515000000002,
            "p(95)": 1.16234225,
            "thresholds": {
                "p(95)<2000": false
            }
        },
        "http_reqs": {
            "count": 1878,
            "rate": 14.512250525469074
        },
        "http_req_waiting": {
            "avg": 1.3602557928647503,
            "min": 0.609061,
            "med": 1.05443,
            "max": 46.020148,
            "p(90)": 2.2533024,
            "p(95)": 2.3442951999999995
        },
        "http_req_tls_handshaking": {
            "p(90)": 0,
            "p(95)": 0,
            "avg": 0,
            "min": 0,
            "med": 0,
            "max": 0
        },
        "vus_max": {
            "value": 200,
            "min": 200,
            "max": 200
        },
        "http_req_duration{expected_response:true}": {
            "med": 1.1528375,
            "max": 47.000963,
            "p(90)": 2.882428,
            "p(95)": 3.0422592999999996,
            "avg": 1.6614097593184232,
            "min": 0.728433
        },
        "iteration_duration": {
            "avg": 30007.095838817877,
            "min": 30005.202804,
            "med": 30006.846984,
            "max": 30062.809485,
            "p(90)": 30007.839731,
            "p(95)": 30008.14188075
        },
        "http_req_sending": {
            "med": 0.0345815,
            "max": 0.781972,
            "p(90)": 0.0495305,
            "p(95)": 0.05691649999999995,
            "avg": 0.030577326943556995,
            "min": 0.008394
        },
        "http_req_blocked": {
            "p(90)": 0.6679901,
            "p(95)": 0.70235325,
            "avg": 0.30287771831735905,
            "min": 0.004384,
            "med": 0.010058000000000001,
            "max": 24.319998
        },
        "http_req_failed": {
            "fails": 1878,
            "passes": 0,
            "value": 0
        },
        "iterations": {
            "count": 626,
            "rate": 4.837416841823025
        }
    }
}