{
    "metrics": {
        "http_req_tls_handshaking": {
            "p(95)": 0,
            "avg": 0,
            "min": 0,
            "med": 0,
            "max": 0,
            "p(90)": 0
        },
        "http_req_waiting": {
            "max": 4.579616,
            "p(90)": 2.1934044999999998,
            "p(95)": 2.24018585,
            "avg": 1.4421075333333335,
            "min": 0.738299,
            "med": 1.1863675
        },
        "data_received": {
            "count": 1998650,
            "rate": 118112.05990659469
        },
        "http_req_sending": {
            "max": 0.14232,
            "p(90)": 0.06718930000000001,
            "p(95)": 0.09285354999999978,
            "avg": 0.04435168666666667,
            "min": 0.009637,
            "med": 0.044727
        },
        "http_req_duration": {
            "avg": 1.7809780800000004,
            "min": 0.890542,
            "med": 1.3130175,
            "max": 4.746614,
            "p(90)": 2.8836842999999996,
            "p(95)": 3.0439675499999987,
            "thresholds": {
                "p(95)<500": false
            }
        },
        "http_req_duration{expected_response:true}": {
            "med": 1.3130175,
            "max": 4.746614,
            "p(90)": 2.8836842999999996,
            "p(95)": 3.0439675499999987,
            "avg": 1.7809780800000004,
            "min": 0.890542
        },
        "checks": {
            "passes": 100,
            "fails": 0,
            "value": 1
        },
        "vus_max": {
            "max": 50,
            "value": 50,
            "min": 50
        },
        "vus": {
            "min": 5,
            "max": 50,
            "value": 50
        },
        "http_req_connecting": {
            "p(90)": 0.6542336,
            "p(95)": 0.6842919,
            "avg": 0.5807569066666667,
            "min": 0,
            "med": 0.5494559999999999,
            "max": 27.357131
        },
        "download_speed": {
            "med": 1.050278,
            "max": 4.746614,
            "p(90)": 1.1798174,
            "p(95)": 1.5343043999999986,
            "avg": 1.1591095,
            "min": 0.890542,
            "thresholds": {
                "p(95)<2000": false
            }
        },
        "http_reqs": {
            "count": 150,
            "rate": 8.864387954864135
        },
        "http_req_failed": {
            "fails": 150,
            "passes": 0,
            "value": 0
        },
        "http_req_blocked": {
            "max": 27.408946,
            "p(90)": 0.7434126,
            "p(95)": 0.7983540999999997,
            "avg": 0.6455103266666666,
            "min": 0.004848,
            "med": 0.6293115
        },
        "data_sent": {
            "count": 18150,
            "rate": 1072.5909425385603
        },
        "http_req_receiving": {
            "med": 0.134638,
            "max": 1.825498,
            "p(90)": 0.6697235,
            "p(95)": 0.7346450499999999,
            "avg": 0.29451886000000016,
            "min": 0.055
        }
    },
    "root_group": {
        "name": "",
        "path": "",
        "id": "d41d8cd98f00b204e9800998ecf8427e",
        "groups": {},
        "checks": {
                "파일 다운로드 성공": {
                    "id": "e32ce8c1dff16f0aa17fa80898c147b6",
                    "passes": 50,
                    "fails": 0,
                    "name": "파일 다운로드 성공",
                    "path": "::파일 다운로드 성공"
                },
                "링크 클릭 성공": {
                    "name": "링크 클릭 성공",
                    "path": "::링크 클릭 성공",
                    "id": "81064fb68c893ca642a48ffbb9b30df7",
                    "passes": 50,
                    "fails": 0
                }
            }
    }
}