{
    "root_group": {
        "name": "",
        "path": "",
        "id": "d41d8cd98f00b204e9800998ecf8427e",
        "groups": {},
        "checks": {
                "파일 다운로드 성공": {
                    "fails": 0,
                    "name": "파일 다운로드 성공",
                    "path": "::파일 다운로드 성공",
                    "id": "e32ce8c1dff16f0aa17fa80898c147b6",
                    "passes": 158
                },
                "링크 클릭 성공": {
                    "id": "81064fb68c893ca642a48ffbb9b30df7",
                    "passes": 158,
                    "fails": 0,
                    "name": "링크 클릭 성공",
                    "path": "::링크 클릭 성공"
                }
            }
    },
    "metrics": {
        "http_req_waiting": {
            "avg": 1.403891274261604,
            "min": 0.678098,
            "med": 1.10951,
            "max": 11.484861,
            "p(90)": 2.2131286,
            "p(95)": 2.2917313
        },
        "data_sent": {
            "count": 57354,
            "rate": 443.716711671938
        },
        "vus": {
            "max": 50,
            "value": 1,
            "min": 1
        },
        "checks": {
            "passes": 316,
            "fails": 0,
            "value": 1
        },
        "iterations": {
            "count": 158,
            "rate": 1.2223600872505178
        },
        "http_req_duration": {
            "min": 0.776025,
            "med": 1.2095185000000002,
            "max": 22.48034,
            "p(90)": 2.7990203,
            "p(95)": 2.8995457,
            "avg": 1.7276536814345997,
            "thresholds": {
                "p(95)<500": false
            }
        },
        "http_req_tls_handshaking": {
            "med": 0,
            "max": 0,
            "p(90)": 0,
            "p(95)": 0,
            "avg": 0,
            "min": 0
        },
        "http_req_connecting": {
            "avg": 0.2942571160337554,
            "min": 0,
            "med": 0,
            "max": 23.151504,
            "p(90)": 0.5882844,
            "p(95)": 0.6184786499999999
        },
        "http_req_blocked": {
            "p(90)": 0.6699031999999999,
            "p(95)": 0.69366405,
            "avg": 0.3450995105485229,
            "min": 0.004387,
            "med": 0.009425,
            "max": 23.223985
        },
        "http_req_sending": {
            "avg": 0.03360077004219407,
            "min": 0.009368,
            "med": 0.035985,
            "max": 0.171308,
            "p(90)": 0.0610789,
            "p(95)": 0.08129999999999987
        },
        "http_req_failed": {
            "passes": 0,
            "fails": 474,
            "value": 0
        },
        "data_received": {
            "count": 6315734,
            "rate": 48861.39976766495
        },
        "vus_max": {
            "min": 50,
            "max": 50,
            "value": 50
        },
        "iteration_duration": {
            "avg": 30007.463369449364,
            "min": 30005.559258,
            "med": 30006.907801,
            "max": 30030.002428,
            "p(90)": 30007.9791651,
            "p(95)": 30008.6781989
        },
        "http_reqs": {
            "count": 474,
            "rate": 3.6670802617515537
        },
        "download_speed": {
            "min": 0.776025,
            "med": 0.968839,
            "max": 8.108209,
            "p(90)": 1.0985201,
            "p(95)": 1.1639962499999998,
            "avg": 1.029481215189873,
            "thresholds": {
                "p(95)<2000": false
            }
        },
        "http_req_duration{expected_response:true}": {
            "avg": 1.7276536814345997,
            "min": 0.776025,
            "med": 1.2095185000000002,
            "max": 22.48034,
            "p(90)": 2.7990203,
            "p(95)": 2.8995457
        },
        "http_req_receiving": {
            "max": 20.270332,
            "p(90)": 0.5835695,
            "p(95)": 0.6288060499999999,
            "avg": 0.29016163713080156,
            "min": 0.053416,
            "med": 0.116576
        }
    }
}